date,hospitalizedCurrently
2020-12-07,102148.0
2020-12-06,101501.0
2020-12-05,101192.0
2020-12-04,101276.0
2020-12-03,100755.0
2020-12-02,100322.0
2020-12-01,98777.0
2020-11-30,96149.0
2020-11-29,93357.0
2020-11-28,91762.0
2020-11-27,89950.0
2020-11-26,90564.0
2020-11-25,90041.0
2020-11-24,88174.0
2020-11-23,85979.0
2020-11-22,83882.0
2020-11-21,83346.0
2020-11-20,82279.0
2020-11-19,80682.0
2020-11-18,79517.0
2020-11-17,77079.0
2020-11-16,73377.0
2020-11-15,70202.0
2020-11-14,69588.0
2020-11-13,68599.0
2020-11-12,67233.0
2020-11-11,65557.0
2020-11-10,62138.0
2020-11-09,59394.0
2020-11-08,56942.0
2020-11-07,56037.0
2020-11-06,54949.0
2020-11-05,53465.0
2020-11-04,52166.0
2020-11-03,50512.0
2020-11-02,48773.0
2020-11-01,47615.0
2020-10-31,47486.0
2020-10-30,46856.0
2020-10-29,46220.0
2020-10-28,45205.0
2020-10-27,44392.0
2020-10-26,43005.0
2020-10-25,41883.0
2020-10-24,42087.0
2020-10-23,41617.0
2020-10-22,41125.0
2020-10-21,40397.0
2020-10-20,39406.0
2020-10-19,37954.0
2020-10-18,36536.0
2020-10-17,37474.0
2020-10-16,37470.0
2020-10-15,37420.0
2020-10-14,37176.0
2020-10-13,36161.0
2020-10-12,35156.0
2020-10-11,34609.0
2020-10-10,34700.0
2020-10-09,34989.0
2020-10-08,34446.0
2020-10-07,33584.0
2020-10-06,32720.0
2020-10-05,31434.0
2020-10-04,30063.0
2020-10-03,30209.0
2020-10-02,30877.0
2020-10-01,30951.0
2020-09-30,31018.0
2020-09-29,30583.0
2020-09-28,29688.0
2020-09-27,29579.0
2020-09-26,29670.0
2020-09-25,29900.0
2020-09-24,30158.0
2020-09-23,30021.0
2020-09-22,29658.0
2020-09-21,28873.0
2020-09-20,28724.0
2020-09-19,29185.0
2020-09-18,29652.0
2020-09-17,30007.0
2020-09-16,30362.0
2020-09-15,30447.0
2020-09-14,30045.0
2020-09-13,29921.0
2020-09-12,30758.0
2020-09-11,31529.0
2020-09-10,32536.0
2020-09-09,32647.0
2020-09-08,32345.0
2020-09-07,32116.0
2020-09-06,32497.0
2020-09-05,33626.0
2020-09-04,34191.0
2020-09-03,34747.0
2020-09-02,35667.0
2020-09-01,35334.0
2020-08-31,35423.0
2020-08-30,35801.0
2020-08-29,36516.0
2020-08-28,37351.0
2020-08-27,37529.0
2020-08-26,38501.0
2020-08-25,38842.0
2020-08-24,38776.0
2020-08-23,39064.0
2020-08-22,40017.0
2020-08-21,41047.0
2020-08-20,42081.0
2020-08-19,43395.0
2020-08-18,43848.0
2020-08-17,43596.0
2020-08-16,44155.0
2020-08-15,44922.0
2020-08-14,45860.0
2020-08-13,47322.0
2020-08-12,48046.0
2020-08-11,48620.0
2020-08-10,48761.0
2020-08-09,48997.0
2020-08-08,50071.0
2020-08-07,51301.0
2020-08-06,53221.0
2020-08-05,53444.0
2020-08-04,53440.0
2020-08-03,53524.0
2020-08-02,54106.0
2020-08-01,54554.0
2020-07-31,55700.0
2020-07-30,56565.0
2020-07-29,57427.0
2020-07-28,57178.0
2020-07-27,58991.0
2020-07-26,58731.0
2020-07-25,59382.0
2020-07-24,59808.0
2020-07-23,59854.0
2020-07-22,59752.0
2020-07-21,59480.0
2020-07-20,58509.0
2020-07-19,58052.0
2020-07-18,57822.0
2020-07-17,57894.0
2020-07-16,57614.0
2020-07-15,56312.0
2020-07-14,55667.0
2020-07-13,54156.0
2020-07-12,52860.0
2020-07-11,51982.0
2020-07-10,51740.0
2020-07-09,44055.0
2020-07-08,43204.0
2020-07-07,41957.0
2020-07-06,39970.0
2020-07-05,38872.0
2020-07-04,38281.0
2020-07-03,37927.0
2020-07-02,37627.0
2020-07-01,36569.0
2020-06-30,35335.0
2020-06-29,33744.0
2020-06-28,32575.0
2020-06-27,32566.0
2020-06-26,31810.0
2020-06-25,31926.0
2020-06-24,31271.0
2020-06-23,30394.0
2020-06-22,28954.0
2020-06-21,28325.0
2020-06-20,28084.0
2020-06-19,28706.0
2020-06-18,28521.0
2020-06-17,28664.0
2020-06-16,28386.0
2020-06-15,28026.0
2020-06-14,28020.0
2020-06-13,28578.0
2020-06-12,29309.0
2020-06-11,29844.0
2020-06-10,30952.0
2020-06-09,31187.0
2020-06-08,31121.0
2020-06-07,31490.0
2020-06-06,31994.0
2020-06-05,32499.0
2020-06-04,32814.0
2020-06-03,33237.0
2020-06-02,33950.0
2020-06-01,34316.0
2020-05-31,34911.0
2020-05-30,35735.0
2020-05-29,36948.0
2020-05-28,38003.0
2020-05-27,38297.0
2020-05-26,37775.0
2020-05-25,37711.0
2020-05-24,37757.0
2020-05-23,38581.0
2020-05-22,40014.0
2020-05-21,41347.0
2020-05-20,41871.0
2020-05-19,42023.0
2020-05-18,41921.0
2020-05-17,42022.0
2020-05-16,43507.0
2020-05-15,44551.0
2020-05-14,45924.0
2020-05-13,46918.0
2020-05-12,47344.0
2020-05-11,46550.0
2020-05-10,46760.0
2020-05-09,48561.0
2020-05-08,49758.0
2020-05-07,51425.0
2020-05-06,52581.0
2020-05-05,53176.0
2020-05-04,52377.0
2020-05-03,52619.0
2020-05-02,54009.0
2020-05-01,54862.0
2020-04-30,54921.0
2020-04-29,55987.0
2020-04-28,56034.0
2020-04-27,56183.0
2020-04-26,56149.0
2020-04-25,57343.0
2020-04-24,57324.0
2020-04-23,59216.0
2020-04-22,59212.0
2020-04-21,59773.0
2020-04-20,56734.0
2020-04-19,56497.0
2020-04-18,57788.0
2020-04-17,58886.0
2020-04-16,59498.0
2020-04-15,59924.0
2020-04-14,59600.0
2020-04-13,56237.0
2020-04-12,55449.0
2020-04-11,55557.0
2020-04-10,53167.0
2020-04-09,51313.0
2020-04-08,45515.0
2020-04-07,43849.0
2020-04-06,36159.0
2020-04-05,32180.0
2020-04-04,30268.0
2020-04-03,25777.0
2020-04-02,22997.0
2020-04-01,20906.0
2020-03-31,18155.0
2020-03-30,15917.0
2020-03-29,14055.0
2020-03-28,12409.0
2020-03-27,10978.0
2020-03-26,7805.0
2020-03-25,5140.0
2020-03-24,3938.0
2020-03-23,2812.0
2020-03-22,2173.0
2020-03-21,1492.0
2020-03-20,1042.0
2020-03-19,617.0
2020-03-18,416.0
2020-03-17,325.0
2020-03-16,325.0
2020-03-15,325.0
2020-03-14,325.0
2020-03-13,325.0
2020-03-12,325.0
2020-03-11,325.0
2020-03-10,325.0
2020-03-09,325.0
2020-03-08,325.0
2020-03-07,325.0
2020-03-06,325.0
2020-03-05,325.0
2020-03-04,325.0
2020-03-03,325.0
2020-03-02,325.0
2020-03-01,325.0
2020-02-29,325.0
2020-02-28,325.0
2020-02-27,325.0
2020-02-26,325.0
2020-02-25,325.0
2020-02-24,325.0
2020-02-23,325.0
2020-02-22,325.0
2020-02-21,325.0
2020-02-20,325.0
2020-02-19,325.0
2020-02-18,325.0
2020-02-17,325.0
2020-02-16,325.0
2020-02-15,325.0
2020-02-14,325.0
2020-02-13,325.0
2020-02-12,325.0
2020-02-11,325.0
2020-02-10,325.0
2020-02-09,325.0
2020-02-08,325.0
2020-02-07,325.0
2020-02-06,325.0
2020-02-05,325.0
2020-02-04,325.0
2020-02-03,325.0
2020-02-02,325.0
2020-02-01,325.0
2020-01-31,325.0
2020-01-30,325.0
2020-01-29,325.0
2020-01-28,325.0
2020-01-27,325.0
2020-01-26,325.0
2020-01-25,325.0
2020-01-24,325.0
2020-01-23,325.0
2020-01-22,325.0
