,date,inIcuCumulative,inIcuCurrently,hospitalizedIncrease,hospitalizedCurrently,hospitalizedCumulative,negative,negativeIncrease,onVentilatorCurrently,positive,positiveIncrease,recovered,totalTestResults,totalTestResultsIncrease
250,2020-04-02,305.0,4513.0,4198,22997.0,32128.0,1082725,93116,574.0,252085,28045,8586.0,1385745,122911
249,2020-04-03,335.0,4928.0,4603,25777.0,36731.0,1183277,100552,623.0,283923,31838,10861.0,1521120,135375
248,2020-04-04,403.0,5500.0,5012,30268.0,41743.0,1378675,195398,656.0,316808,32885,12844.0,1749364,228244
247,2020-04-05,609.0,5811.0,3937,32180.0,45680.0,1473279,94604,652.0,342463,25655,14589.0,1871590,122226
246,2020-04-06,663.0,7079.0,2943,36159.0,48623.0,1595189,121910,2961.0,370872,28409,16557.0,2022867,151277
245,2020-04-07,738.0,9978.0,2997,43849.0,51620.0,1717557,122368,4076.0,401573,30701,18481.0,2177578,154711
244,2020-04-08,862.0,10337.0,4321,45515.0,55941.0,1836690,119133,4131.0,432490,30917,21132.0,2335944,158366
243,2020-04-09,918.0,12450.0,3831,51313.0,59772.0,1976687,139997,5794.0,467580,35090,24835.0,2510349,174405
242,2020-04-10,1179.0,12693.0,4909,53167.0,64681.0,2094899,118212,5937.0,501069,33489,29015.0,2664907,154558
241,2020-04-11,1399.0,13285.0,3747,55557.0,68428.0,2205059,110160,5978.0,532174,31105,31567.0,2806318,141411
240,2020-04-12,1449.0,13620.0,3331,55449.0,71759.0,2316191,111132,5968.0,560175,28001,34081.0,2945783,139465
239,2020-04-13,1622.0,13620.0,4480,56237.0,76239.0,2423665,107474,6168.0,584573,24398,35381.0,3076590,130807
238,2020-04-14,1715.0,14039.0,3174,59600.0,79413.0,2549847,126182,5975.0,610651,26078,39304.0,3237655,161065
237,2020-04-15,1783.0,14646.0,3510,59924.0,82923.0,2658358,108511,6032.0,640510,29859,43448.0,3384181,146526
236,2020-04-16,1834.0,15130.0,3165,59498.0,86088.0,2793152,134794,5940.0,672087,31577,48851.0,3560411,176230
235,2020-04-17,2052.0,14890.0,3366,58886.0,89454.0,2918604,125452,6096.0,704069,31982,53562.0,3724495,164084
234,2020-04-18,2096.0,14769.0,3449,57788.0,92903.0,3036688,118084,5729.0,731895,27826,62923.0,3881483,156988
233,2020-04-19,2145.0,14385.0,2162,56497.0,95065.0,3163825,127137,5603.0,759174,27279,67227.0,4032920,151437
232,2020-04-20,2193.0,14463.0,2311,56734.0,97376.0,3283274,119449,5567.0,785279,26105,69507.0,4180789,147869
231,2020-04-21,2315.0,14941.0,2733,59773.0,100109.0,3412067,128793,5514.0,811492,26213,72870.0,4346796,166007
230,2020-04-22,2370.0,15013.0,3097,59212.0,103206.0,3706712,294645,5474.0,840628,29136,92996.0,4685416,338620
229,2020-04-23,2428.0,14744.0,2827,59216.0,106033.0,3874200,167488,5464.0,872598,31970,96947.0,4893691,208275
228,2020-04-24,2468.0,14605.0,2372,57324.0,108405.0,4078470,204270,5187.0,906872,34274,103423.0,5135062,241371
227,2020-04-25,2516.0,14415.0,2305,57343.0,110710.0,4313968,235498,5266.0,942523,35651,112603.0,5409290,274228
226,2020-04-26,2571.0,14104.0,2209,56149.0,112919.0,4493121,179153,5121.0,969581,27058,116565.0,5615591,206301
225,2020-04-27,3720.0,13812.0,2243,56183.0,115162.0,4663007,169886,4867.0,992176,22595,121464.0,5815412,199821
224,2020-04-28,3798.0,13562.0,2006,56034.0,117168.0,4846436,183429,4760.0,1017548,25372,139080.0,6025337,209925
223,2020-04-29,4093.0,13535.0,2961,55987.0,120129.0,5059493,213057,4796.0,1043774,26226,147234.0,6276560,251223
222,2020-04-30,4192.0,13255.0,2376,54921.0,122505.0,5263080,203587,4712.0,1073745,29971,154587.0,6543127,266567
221,2020-05-01,4300.0,12845.0,9878,54862.0,132383.0,5529215,266135,4707.0,1106547,32802,163554.0,6826340,283213
220,2020-05-02,4386.0,12905.0,1986,54009.0,134369.0,5746314,217099,4845.0,1135581,29034,174886.0,7096401,270061
219,2020-05-03,4502.0,12720.0,1854,52619.0,136223.0,5955860,209546,4761.0,1161121,25540,179614.0,7325329,228928
218,2020-05-04,4579.0,12696.0,1772,52377.0,137995.0,6165697,209837,4848.0,1183622,22501,186670.0,7564257,238928
217,2020-05-05,4794.0,12628.0,1936,53176.0,139931.0,6413375,247678,4818.0,1206134,22512,189316.0,7838094,273837
216,2020-05-06,4911.0,12478.0,2159,52581.0,142090.0,6639314,225939,4753.0,1231277,25143,189399.0,8115377,277283
215,2020-05-07,5174.0,12136.0,4176,51425.0,146266.0,6913574,274260,7070.0,1258504,27227,194375.0,8431439,316062
214,2020-05-08,6294.0,11780.0,6240,49758.0,152506.0,7185625,272051,6788.0,1285663,27159,198423.0,8736572,305133
213,2020-05-09,6367.0,11496.0,1669,48561.0,154175.0,7456267,270642,6551.0,1310843,25180,211899.0,9043384,306812
212,2020-05-10,6445.0,11393.0,1048,46760.0,155223.0,7700762,244495,6395.0,1331733,20890,215479.0,9306602,263218
211,2020-05-11,6488.0,11148.0,1369,46550.0,156592.0,8057763,357001,6350.0,1350031,18298,232012.0,9695486,388884
210,2020-05-12,6585.0,11240.0,1483,47344.0,158075.0,8346486,288723,6352.0,1372589,22558,238863.0,10020318,324832
209,2020-05-13,6713.0,10990.0,1791,46918.0,159866.0,8648101,301615,6156.0,1394217,21628,243359.0,10354893,334575
208,2020-05-14,6795.0,10655.0,3162,45924.0,163028.0,8986530,338429,5940.0,1420930,26713,246231.0,10738345,383452
207,2020-05-15,6890.0,10484.0,1313,44551.0,164341.0,9321971,335441,5746.0,1446352,25422,250665.0,11143889,405544
206,2020-05-16,6945.0,10278.0,1798,43507.0,166139.0,9658840,336869,5529.0,1469938,23586,268206.0,11513808,369919
205,2020-05-17,7003.0,9934.0,1130,42022.0,167269.0,10009754,350914,5467.0,1490090,20152,272009.0,11857685,343877
204,2020-05-18,7064.0,9754.0,1133,41921.0,168402.0,10343901,334147,5257.0,1510934,20844,282949.0,12222059,364374
203,2020-05-19,7217.0,9598.0,1549,42023.0,169951.0,10723847,379946,5032.0,1531816,20882,289283.0,12619092,397033
202,2020-05-20,7319.0,9521.0,1759,41871.0,171710.0,11116560,392713,4911.0,1553075,21259,294133.0,13057842,438750
201,2020-05-21,7412.0,9090.0,4547,41347.0,176257.0,11556368,439808,4868.0,1579817,26742,298183.0,13553189,495347
200,2020-05-22,7689.0,9049.0,3945,40014.0,180202.0,11939479,383111,4716.0,1603990,24173,349936.0,13962064,408875
199,2020-05-23,7770.0,8733.0,1383,38581.0,181585.0,12314969,375490,4620.0,1626355,22365,361116.0,14382307,420243
198,2020-05-24,7801.0,8485.0,1027,37757.0,182612.0,12665598,350629,4383.0,1645215,18860,366510.0,14738902,356595
197,2020-05-25,7847.0,8467.0,901,37711.0,183513.0,13075271,409673,4237.0,1663746,18531,378892.0,15162342,423440
196,2020-05-26,7899.0,8585.0,17287,37775.0,200800.0,13362700,287429,4215.0,1680724,16978,384609.0,15476570,314228
195,2020-05-27,8015.0,8547.0,1563,38297.0,202363.0,13649401,286701,4222.0,1700135,19411,391223.0,15890824,414254
194,2020-05-28,8109.0,8389.0,1596,38003.0,203959.0,14070970,421569,4080.0,1722794,22659,477794.0,16356250,465426
193,2020-05-29,8235.0,8174.0,1565,36948.0,205524.0,14538442,467472,4032.0,1746382,23588,484191.0,16869337,513087
192,2020-05-30,8305.0,7956.0,1425,35735.0,206949.0,14941329,402887,4004.0,1769819,23437,494308.0,17312676,443339
191,2020-05-31,8445.0,7626.0,896,34911.0,207845.0,15316742,375413,3669.0,1791211,21392,522456.0,17734348,421672
190,2020-06-01,8485.0,7591.0,2858,34316.0,210703.0,15705947,389205,3950.0,1811573,20362,535950.0,18147251,412903
189,2020-06-02,8566.0,7407.0,1736,33950.0,212439.0,16105521,399574,3852.0,1831728,20155,541613.0,18587842,440591
188,2020-06-03,8688.0,7227.0,2145,33237.0,214584.0,16556987,451466,3749.0,1851883,20155,556949.0,19059260,471418
187,2020-06-04,8787.0,7057.0,-2849,32814.0,211735.0,17001534,444547,3665.0,1872266,20383,569233.0,19553776,494516
186,2020-06-05,8863.0,6920.0,1513,32499.0,213248.0,17485611,484077,3523.0,1895332,23066,575917.0,20142961,589185
185,2020-06-06,8920.0,6762.0,982,31994.0,214230.0,18007177,521566,3476.0,1917890,22558,585047.0,20701227,558266
184,2020-06-07,8957.0,6501.0,655,31490.0,214885.0,18413468,406291,3298.0,1936708,18818,590504.0,21125786,424559
183,2020-06-08,9013.0,6402.0,1095,31121.0,215980.0,18790560,377092,3240.0,1953938,17230,602715.0,21535936,410150
182,2020-06-09,9141.0,6457.0,1263,31187.0,217243.0,19192493,401933,3090.0,1971089,17151,609256.0,21980430,444494
181,2020-06-10,9225.0,6249.0,1237,30952.0,218480.0,19604143,411650,3020.0,1991816,20727,617695.0,22428468,448038
180,2020-06-11,9295.0,6074.0,1527,29844.0,220007.0,20042851,438708,2886.0,2013887,22071,628050.0,22907509,479041
179,2020-06-12,9373.0,6017.0,1380,29309.0,221387.0,20635301,592450,2734.0,2036983,23096,635522.0,23503613,596104
178,2020-06-13,9430.0,5883.0,943,28578.0,222330.0,21117293,481992,2726.0,2062228,25245,644787.0,24027217,523604
177,2020-06-14,9466.0,5749.0,610,28020.0,222940.0,21578026,460733,2716.0,2083561,21333,649974.0,24509047,481830
176,2020-06-15,9516.0,5703.0,688,28026.0,223628.0,21990864,412838,2640.0,2102215,18654,664469.0,24955940,446893
175,2020-06-16,9590.0,5570.0,1173,28386.0,224801.0,22433748,442884,2594.0,2125483,23268,671680.0,25439981,484041
174,2020-06-17,9665.0,5612.0,1081,28664.0,225882.0,22900412,466664,2588.0,2149389,23906,680432.0,25962424,522443
173,2020-06-18,9736.0,5464.0,1095,28521.0,226977.0,23384518,484106,2520.0,2176478,27089,690166.0,26498209,535785
172,2020-06-19,9876.0,5341.0,1587,28706.0,228564.0,23943984,559466,2434.0,2207437,30959,697556.0,27111396,613187
171,2020-06-20,9908.0,5229.0,686,28084.0,229250.0,24473663,529679,2380.0,2239388,31951,708341.0,27689123,577727
170,2020-06-21,9944.0,5195.0,519,28325.0,229769.0,24966129,492466,2321.0,2268236,28848,712904.0,28220584,531461
169,2020-06-22,10002.0,5323.0,847,28954.0,230616.0,25416414,450285,2299.0,2295415,27179,731021.0,28718718,498134
168,2020-06-23,10077.0,5402.0,1262,30394.0,231878.0,25884425,468011,2293.0,2329300,33885,738454.0,29363570,644852
167,2020-06-24,10173.0,5293.0,1255,31271.0,233133.0,26376352,491927,2248.0,2368309,39009,747031.0,29871099,507529
166,2020-06-25,10257.0,5320.0,1279,31926.0,234412.0,26979192,602840,2214.0,2407990,39681,756120.0,30521037,649938
165,2020-06-26,10334.0,5283.0,1546,31810.0,235958.0,27542236,563044,2075.0,2452369,44379,763402.0,31262178,741141
164,2020-06-27,10415.0,5314.0,1048,32566.0,237006.0,28096694,554458,2159.0,2495262,42893,771895.0,31893707,631529
163,2020-06-28,10473.0,5252.0,547,32575.0,237553.0,28638262,541568,2077.0,2536594,41332,777667.0,32500669,606962
162,2020-06-29,10542.0,5380.0,734,33744.0,238287.0,29251622,613360,2011.0,2576359,39765,797723.0,33178044,677375
161,2020-06-30,10669.0,5424.0,1483,35335.0,239770.0,29829805,578183,2044.0,2623989,47630,813219.0,33841528,663484
160,2020-07-01,10752.0,5512.0,1433,36569.0,241203.0,30423311,593506,2098.0,2674990,51001,822580.0,34510911,669383
159,2020-07-02,10843.0,5626.0,1694,37627.0,242897.0,31036755,613444,2105.0,2728498,53508,874530.0,35216628,705717
158,2020-07-03,10936.0,5597.0,1344,37927.0,244241.0,31685557,648802,2049.0,2782186,53688,883025.0,35947637,731009
157,2020-07-04,10977.0,5633.0,872,38281.0,245113.0,32260700,575143,1982.0,2836330,54144,893652.0,36607082,659445
156,2020-07-05,11010.0,5653.0,582,38872.0,245695.0,32886905,626205,2080.0,2881497,45167,901881.0,37294198,687116
155,2020-07-06,11058.0,5687.0,818,39970.0,246513.0,33359909,473004,2105.0,2922991,41494,923481.0,37940638,646440
154,2020-07-07,11177.0,5832.0,1936,41957.0,248449.0,33942163,582254,2098.0,2974733,51742,935850.0,38623261,682623
153,2020-07-08,11303.0,5874.0,1888,43204.0,250337.0,34521085,578922,2172.0,3037469,62736,952731.0,39331482,708221
152,2020-07-09,11370.0,5845.0,1654,44055.0,251991.0,35173516,652431,2127.0,3096428,58959,968441.0,40100782,769300
151,2020-07-10,11523.0,5896.0,2207,51740.0,254198.0,35919479,745963,2197.0,3163252,66824,982521.0,40989294,888512
150,2020-07-11,11612.0,5939.0,5070,51982.0,259268.0,36551939,632460,2169.0,3225576,62324,994923.0,41746979,757685
149,2020-07-12,11679.0,5930.0,894,52860.0,260162.0,37254159,702220,2182.0,3286548,60972,1005644.0,42570790,823811
148,2020-07-13,11749.0,6074.0,1174,54156.0,261336.0,37887058,632899,2259.0,3344151,57603,1031219.0,43330626,759836
147,2020-07-14,11857.0,6235.0,2212,55667.0,263548.0,38590553,703495,2263.0,3406885,62734,1048400.0,44144726,814100
146,2020-07-15,12002.0,6317.0,2404,56312.0,265952.0,39294956,704403,2317.0,3472503,65618,1075159.0,44990032,845306
145,2020-07-16,12091.0,6359.0,2195,57614.0,268147.0,40053193,758237,2317.0,3542952,70449,1089922.0,45891414,901382
144,2020-07-17,12243.0,6452.0,2480,57894.0,270627.0,40811328,758135,2353.0,3619170,76218,1106096.0,46802172,910758
143,2020-07-18,12342.0,6397.0,1976,57822.0,272603.0,41499807,688479,2343.0,3683593,64423,1121981.0,47645565,843393
142,2020-07-19,12393.0,6384.0,888,58052.0,273491.0,42215709,715902,2362.0,3747308,63715,1130378.0,48488118,842553
141,2020-07-20,12475.0,6557.0,1623,58509.0,275114.0,42869700,653991,2403.0,3804244,56936,1159320.0,49248581,760463
140,2020-07-21,12629.0,6711.0,2510,59480.0,277624.0,43550086,680386,2414.0,3867869,63625,1182158.0,50059335,810754
139,2020-07-22,12790.0,10457.0,2246,59752.0,279870.0,44282015,731929,2440.0,3937215,69346,1210067.0,50943681,884346
138,2020-07-23,12933.0,10414.0,2378,59854.0,282248.0,45050952,768937,2465.0,4008440,71225,1232403.0,51851589,907908
137,2020-07-24,13182.0,10395.0,3040,59808.0,285288.0,45903772,852820,2711.0,4083294,74854,1260741.0,52854710,1003121
136,2020-07-25,13279.0,10380.0,1811,59382.0,287099.0,46620498,716726,2729.0,4147670,64376,1278557.0,53735404,880694
135,2020-07-26,13343.0,10353.0,1380,58731.0,288479.0,47397253,776755,2723.0,4207793,60123,1296974.0,54628668,893264
134,2020-07-27,13412.0,10328.0,1671,58991.0,290150.0,48099212,701959,2720.0,4262807,55014,1324925.0,55453238,824570
133,2020-07-28,13559.0,10463.0,4051,57178.0,294201.0,48811572,712360,2752.0,4321791,58984,1354538.0,56305395,852157
132,2020-07-29,13744.0,10539.0,2868,57427.0,297069.0,49576024,764452,2772.0,4385732,63941,1389701.0,57211653,906258
131,2020-07-30,13875.0,10523.0,3279,56565.0,300348.0,50311353,735329,2760.0,4454538,68806,1413102.0,58102601,890948
130,2020-07-31,14044.0,10472.0,2533,55700.0,302881.0,50968657,657304,2703.0,4522068,67530,1437182.0,59099308,996707
129,2020-08-01,14227.0,10450.0,2366,54554.0,305247.0,51645161,676504,2698.0,4582313,60245,1460930.0,59924758,825450
128,2020-08-02,14288.0,10415.0,831,54106.0,306078.0,52289063,643902,2645.0,4628823,46510,1467653.0,60674854,750096
127,2020-08-03,14370.0,10230.0,1606,53524.0,307684.0,52975274,686211,2659.0,4678171,49348,1512439.0,61474514,799660
126,2020-08-04,14537.0,10207.0,4408,53440.0,312092.0,53642232,666958,2701.0,4729986,51815,1528017.0,62249116,774602
125,2020-08-05,14687.0,9986.0,2123,53444.0,314215.0,54285638,643406,2719.0,4782450,52464,1576782.0,63036942,787826
124,2020-08-06,14810.0,9994.0,2594,53221.0,316809.0,54973561,687923,2718.0,4836253,53803,1597514.0,63871179,834237
123,2020-08-07,14925.0,9691.0,7992,51301.0,324801.0,55694098,720537,2617.0,4897089,60836,1622789.0,64764346,893167
122,2020-08-08,15024.0,9662.0,1479,50071.0,326280.0,56311274,617176,2566.0,4950173,53084,1641953.0,65505458,741112
121,2020-08-09,15081.0,9307.0,862,48997.0,327142.0,56977775,666501,2507.0,5000326,50153,1655695.0,66283775,778317
120,2020-08-10,15158.0,9216.0,1594,48761.0,328736.0,57667721,689946,2533.0,5042069,41743,1669563.0,67077506,793731
119,2020-08-11,15331.0,9136.0,2599,48620.0,331335.0,58366571,698850,2415.0,5097499,55430,1713812.0,67875592,798086
118,2020-08-12,15524.0,9555.0,2988,48046.0,334323.0,58804465,437894,2604.0,5153393,55894,1753994.0,68426466,550874
117,2020-08-13,15629.0,9487.0,2651,47322.0,336974.0,59652985,848520,2579.0,5205014,51621,1773505.0,69439297,1012831
116,2020-08-14,15764.0,9277.0,2143,45860.0,339117.0,60453380,800395,2549.0,5262107,57093,1795121.0,70410873,971576
115,2020-08-15,15891.0,9087.0,1881,44922.0,340998.0,61142772,689392,2526.0,5317917,55810,1817332.0,71275175,864302
114,2020-08-16,15924.0,8958.0,685,44155.0,341683.0,61884785,742013,2481.0,5360239,42322,1831798.0,72128853,853678
113,2020-08-17,15985.0,8871.0,1274,43596.0,342957.0,62508981,624196,2447.0,5397650,37411,1864220.0,72862718,733865
112,2020-08-18,16123.0,8866.0,2227,43848.0,345184.0,63123361,614380,2468.0,5438142,40492,1887869.0,73584656,721938
111,2020-08-19,16377.0,8744.0,1996,43395.0,347180.0,63770148,646787,2371.0,5483024,44882,1923539.0,74370414,785758
110,2020-08-20,16487.0,8483.0,1975,42081.0,349155.0,64399851,629703,2335.0,5526747,43723,1945468.0,75182954,812540
109,2020-08-21,16563.0,8357.0,1767,41047.0,350922.0,65101070,701219,2286.0,5572942,46195,1963656.0,76052032,869078
108,2020-08-22,16657.0,8207.0,1598,40017.0,352520.0,65810775,709705,2204.0,5618664,45722,1984053.0,76937341,885309
107,2020-08-23,16697.0,7949.0,698,39064.0,353218.0,66396516,585741,2131.0,5655989,37325,1996283.0,77646347,709006
106,2020-08-24,16787.0,7851.0,1075,38776.0,354293.0,67036217,639701,2118.0,5690238,34249,2019310.0,78369026,722679
105,2020-08-25,16920.0,7863.0,1954,38842.0,356247.0,67665582,629365,2163.0,5726826,36588,2052294.0,79078607,709581
104,2020-08-26,17046.0,7737.0,1819,38501.0,358066.0,68267766,602184,2142.0,5770453,43627,2083058.0,79816584,737977
103,2020-08-27,17181.0,7717.0,1659,37529.0,359725.0,68966351,698585,2125.0,5814369,43916,2099887.0,80675376,858792
102,2020-08-28,17304.0,7558.0,1627,37351.0,361352.0,69694339,727988,2086.0,5860495,46126,2116889.0,81582489,907113
101,2020-08-29,17401.0,7413.0,1284,36516.0,362636.0,70412273,717934,2062.0,5904458,43963,2139059.0,82472940,890451
100,2020-08-30,17439.0,7268.0,662,35801.0,363298.0,71109595,697322,2055.0,5943743,39285,2152344.0,83299643,826703
99,2020-08-31,17537.0,7043.0,751,35423.0,364049.0,71756705,647110,2077.0,5975013,31270,2183106.0,84035115,735472
98,2020-09-01,17655.0,7090.0,1839,35334.0,365888.0,72411377,654672,2042.0,6017434,42421,2201023.0,84851205,816090
97,2020-09-02,17784.0,7087.0,1513,35667.0,367401.0,73028376,616999,2024.0,6047651,30217,2230060.0,85608072,756867
96,2020-09-03,17894.0,6921.0,1491,34747.0,368892.0,73708414,680038,2042.0,6092272,44621,2265262.0,86489212,881140
95,2020-09-04,18012.0,6924.0,1227,34191.0,370119.0,74557990,849576,1995.0,6143785,51513,2281748.0,87532946,1043734
94,2020-09-05,18089.0,6766.0,1187,33626.0,371306.0,75319689,761699,1956.0,6188529,44744,2300418.0,88499540,966594
93,2020-09-06,18125.0,6700.0,499,32497.0,371805.0,76019727,700038,1912.0,6221450,32921,2314245.0,89327532,827992
92,2020-09-07,18156.0,6630.0,474,32116.0,372279.0,76578582,558855,1879.0,6249594,28144,2331821.0,89992137,664605
91,2020-09-08,18189.0,6542.0,979,32345.0,373258.0,77062011,483429,1879.0,6271730,22136,2357307.0,90569489,577352
90,2020-09-09,18322.0,6646.0,1934,32647.0,375192.0,77614272,552261,1903.0,6302903,31173,2385790.0,91271748,702259
89,2020-09-10,18453.0,6531.0,1496,32536.0,376688.0,78191616,577344,1925.0,6340205,37302,2401781.0,92055274,783526
88,2020-09-11,18549.0,6379.0,1516,31529.0,378204.0,78915723,724107,1715.0,6384889,44684,2416126.0,92979652,924378
87,2020-09-12,18648.0,6451.0,1132,30758.0,379336.0,79724817,809094,1619.0,6426755,41866,2437110.0,93976901,997249
86,2020-09-13,18692.0,6233.0,545,29921.0,379881.0,80336674,611857,1562.0,6461066,34311,2448271.0,94749217,772316
85,2020-09-14,18748.0,6238.0,956,30045.0,380837.0,80703362,366688,1507.0,6494686,33620,2476089.0,95245934,496717
84,2020-09-15,18847.0,6310.0,1453,30447.0,382290.0,81355361,651999,1572.0,6529591,34905,2493331.0,96060994,815060
83,2020-09-16,18961.0,6308.0,1475,30362.0,383765.0,81983897,628536,1651.0,6569703,40112,2523824.0,96890301,829307
82,2020-09-17,19057.0,6278.0,1544,30007.0,385309.0,82721363,737466,1658.0,6612992,43289,2538622.0,97860687,970386
81,2020-09-18,19163.0,6175.0,1416,29652.0,386725.0,83574418,853055,1608.0,6660244,47252,2556013.0,98954423,1093736
80,2020-09-19,19243.0,6163.0,1036,29185.0,387761.0,84520093,945675,1577.0,6705149,44905,2575561.0,100130324,1175901
79,2020-09-20,19281.0,6100.0,525,28724.0,388286.0,85308616,788523,1595.0,6740652,35503,2587314.0,101107340,977016
78,2020-09-21,19353.0,6140.0,1103,28873.0,389389.0,85945413,636797,1572.0,6779791,39139,2614069.0,101880502,773162
77,2020-09-22,19324.0,6196.0,1519,29658.0,390908.0,86619117,673704,1562.0,6829266,49475,2645001.0,102737989,857487
76,2020-09-23,19452.0,6203.0,1449,30021.0,392357.0,87423696,804579,1544.0,6867886,38620,2670381.0,103751675,1013686
75,2020-09-24,19555.0,6269.0,1495,30158.0,393852.0,88226616,802920,1560.0,6911232,43346,2708310.0,104793044,1041369
74,2020-09-25,19919.0,6220.0,1320,29900.0,395172.0,89103178,876562,1506.0,6966421,55189,2725475.0,105909063,1116019
73,2020-09-26,20002.0,6143.0,1197,29670.0,396369.0,89989809,886631,1509.0,7013826,47405,2748595.0,107032175,1123112
72,2020-09-27,20050.0,6170.0,613,29579.0,396982.0,90659226,669417,1511.0,7048812,34986,2764336.0,107936561,904386
71,2020-09-28,20121.0,6052.0,1223,29688.0,398205.0,91571647,912421,1518.0,7084695,35883,2792677.0,109097121,1160560
70,2020-09-29,20247.0,6181.0,1651,30583.0,399856.0,92282857,711210,1495.0,7121136,36441,2811386.0,110018596,921475
69,2020-09-30,20390.0,6236.0,1638,31018.0,401494.0,92959838,676981,1507.0,7165483,44347,2838664.0,110928031,909435
68,2020-10-01,20492.0,6263.0,1732,30951.0,403226.0,93723319,763481,1547.0,7211088,45605,2858704.0,111934648,1006617
67,2020-10-02,20612.0,6194.0,1433,30877.0,404659.0,94698422,975103,1533.0,7260346,49258,2871287.0,113176389,1241741
66,2020-10-03,20686.0,6073.0,1083,30209.0,405742.0,95543345,844923,1501.0,7311280,50934,2895307.0,114274655,1098266
65,2020-10-04,20729.0,6056.0,663,30063.0,406405.0,96366378,823033,1485.0,7349267,37987,2909644.0,115302673,1028018
64,2020-10-05,20812.0,6287.0,1486,31434.0,407891.0,97210565,844187,1515.0,7387024,37757,2933035.0,116294888,992215
63,2020-10-06,20973.0,6502.0,-768,32720.0,407123.0,97927172,716607,1609.0,7425941,38917,2950348.0,117208364,913476
62,2020-10-07,21112.0,6575.0,2140,33584.0,409263.0,98658712,731540,1646.0,7476532,50591,2997942.0,118185833,977469
61,2020-10-08,21217.0,6694.0,2131,34446.0,411394.0,99543211,884499,1638.0,7531740,55208,3019299.0,119342691,1156858
60,2020-10-09,21389.0,6785.0,1727,34989.0,413121.0,100491314,948103,1655.0,7588542,56802,3037145.0,120545801,1203110
59,2020-10-10,21512.0,6752.0,1472,34700.0,414593.0,101452852,961538,1667.0,7645956,57414,3061045.0,121797725,1251924
58,2020-10-11,21553.0,6749.0,981,34609.0,415574.0,102254897,802045,1646.0,7692224,46268,3072920.0,122875841,1078116
57,2020-10-12,21625.0,6866.0,1169,35156.0,416743.0,103137863,882966,1666.0,7734868,42644,3104644.0,123935412,1059571
56,2020-10-13,21735.0,7096.0,2008,36161.0,418751.0,103996829,858966,1755.0,7783462,48594,3122531.0,124987245,1051833
55,2020-10-14,21889.0,7239.0,2455,37176.0,421206.0,104617991,621162,1776.0,7839579,56117,3153746.0,126032103,1044858
54,2020-10-15,22051.0,7302.0,1999,37420.0,423205.0,105469894,851903,1769.0,7902973,63394,3175500.0,127141482,1109379
53,2020-10-16,22202.0,7328.0,1864,37470.0,425069.0,106440260,970366,1739.0,7971222,68249,3195422.0,128372410,1230928
52,2020-10-17,22320.0,7466.0,1528,37474.0,426597.0,107405411,965151,1791.0,8028550,57328,3218561.0,129671139,1298729
51,2020-10-18,22391.0,7383.0,813,36536.0,427410.0,108171025,765614,1762.0,8076834,48284,3231947.0,130722812,1051673
50,2020-10-19,22475.0,8069.0,1666,37954.0,429076.0,109195122,1024097,1800.0,8133943,57109,3270429.0,131857532,1134720
49,2020-10-20,22662.0,8213.0,2265,39406.0,431341.0,109951700,756578,2045.0,8194492,60549,3293315.0,132810279,952747
48,2020-10-21,22855.0,8291.0,2131,40397.0,433472.0,110642270,690570,2090.0,8255450,60958,3321258.0,133752066,941787
47,2020-10-22,23018.0,8178.0,2496,41125.0,435968.0,111560077,917807,2147.0,8328292,72842,3350982.0,134981799,1229733
46,2020-10-23,23221.0,8340.0,15071,41617.0,451039.0,112602668,1042591,2180.0,8410625,82333,3373284.0,136364972,1383173
45,2020-10-24,23356.0,8675.0,1793,42087.0,452832.0,113564060,961392,2230.0,8493912,83287,3404503.0,137688348,1323376
44,2020-10-25,23420.0,8590.0,1076,41883.0,453908.0,114464593,900533,2176.0,8558805,64893,3420713.0,138876559,1188211
43,2020-10-26,23542.0,8942.0,1754,43005.0,455662.0,115448436,983843,2301.0,8621330,62525,3458204.0,140087624,1211065
42,2020-10-27,23701.0,8997.0,2253,44392.0,457915.0,116255786,807350,2287.0,8693413,72083,3485474.0,141158787,1071163
41,2020-10-28,23883.0,9134.0,2464,45205.0,460379.0,117058710,802924,2347.0,8772165,78752,3515953.0,142254938,1096151
40,2020-10-29,24082.0,9320.0,2334,46220.0,462713.0,118068107,1009397,2403.0,8860888,88723,3552166.0,143587729,1332791
39,2020-10-30,24230.0,9549.0,2401,46856.0,465114.0,119043563,975456,2477.0,8958126,97238,3576201.0,144951353,1363624
38,2020-10-31,24375.0,9613.0,2082,47486.0,467196.0,120087567,1044004,2502.0,9048711,90585,3610296.0,146341483,1390130
37,2020-11-01,24457.0,9665.0,1166,47615.0,468362.0,120901751,814184,2553.0,9122560,73849,3631622.0,147469350,1127867
36,2020-11-02,24560.0,9970.0,1446,48773.0,469808.0,121972512,1070761,2637.0,9204607,82047,3672742.0,148796027,1326677
35,2020-11-03,24796.0,10530.0,3115,50512.0,472923.0,122812564,840052,2733.0,9291273,86666,3702925.0,149924766,1128739
34,2020-11-04,25041.0,10892.0,3114,52166.0,476037.0,123682365,869801,2832.0,9394578,103305,3741442.0,151147494,1222728
33,2020-11-05,25276.0,11046.0,2541,53465.0,478578.0,124866023,1183658,2877.0,9511021,116443,3779523.0,152714521,1567027
32,2020-11-06,25498.0,11213.0,3143,54949.0,481721.0,126000557,1134534,2850.0,9636779,125758,3808730.0,154278457,1563936
31,2020-11-07,25721.0,11215.0,2297,56037.0,484018.0,126984747,984190,2947.0,9766001,129222,3849345.0,155691522,1413065
30,2020-11-08,25819.0,11223.0,1467,56942.0,485485.0,127906677,921930,2977.0,9876291,110290,3879255.0,156943772,1252250
29,2020-11-09,26087.0,11638.0,2261,59394.0,487746.0,129129215,1222538,3110.0,9995725,119434,3926618.0,158460258,1516486
28,2020-11-10,26335.0,12071.0,4033,62138.0,491779.0,130071204,941989,3201.0,10126912,131187,3959700.0,159712175,1251917
27,2020-11-11,26584.0,12625.0,3275,65557.0,495054.0,131090812,1019608,3367.0,10271729,144817,3995023.0,161129714,1417539
26,2020-11-12,26803.0,12911.0,3551,67233.0,498605.0,132061558,970746,3622.0,10423741,152012,4049143.0,162605624,1475910
25,2020-11-13,26997.0,13279.0,3686,68599.0,502291.0,133298916,1237358,3769.0,10595857,172116,4093148.0,164303570,1697946
24,2020-11-14,27172.0,13491.0,3424,69588.0,505715.0,134473661,1174745,3945.0,10759395,163538,4146419.0,165965440,1661870
23,2020-11-15,27269.0,13849.0,1868,70202.0,507583.0,135636249,1162588,3939.0,10903827,144432,4183378.0,167580838,1615398
22,2020-11-16,27437.0,14494.0,3033,73377.0,510616.0,136739837,1103588,4166.0,11052700,148873,4242683.0,169067509,1486671
21,2020-11-17,27681.0,15018.0,3812,77079.0,514428.0,137832303,1092466,4379.0,11209432,156732,4292094.0,170579276,1511767
20,2020-11-18,27989.0,15558.0,4384,79517.0,518812.0,138906838,1074535,4701.0,11373404,163972,4348089.0,172118327,1539051
19,2020-11-19,28216.0,15763.0,4420,80682.0,523232.0,140193520,1286682,4859.0,11556239,182835,4410709.0,173939346,1821019
18,2020-11-20,28472.0,16138.0,3891,82279.0,527123.0,141583409,1389889,5055.0,11749039,192800,4457930.0,175858750,1919404
17,2020-11-21,28693.0,16264.0,3340,83346.0,530463.0,143013286,1429877,5103.0,11928754,179715,4529788.0,177862987,2004237
16,2020-11-22,28828.0,16411.0,2291,83882.0,532754.0,144267577,1254291,5233.0,12079595,150841,4526635.0,179607475,1744488
15,2020-11-23,28990.0,17080.0,2985,85979.0,535739.0,145615236,1347659,5458.0,12230553,150958,4633600.0,181366035,1758560
14,2020-11-24,29245.0,17314.0,4591,88174.0,540330.0,146968914,1353678,5630.0,12397567,167014,4696996.0,183156307,1790272
13,2020-11-25,29540.0,17740.0,4568,90041.0,544898.0,148129101,1160187,5990.0,12581196,183629,4835956.0,184877012,1720705
12,2020-11-26,29673.0,18019.0,2247,90564.0,547145.0,148979519,850418,5986.0,12707531,126335,4871312.0,186047207,1170195
11,2020-11-27,29858.0,18061.0,3499,89950.0,550644.0,150483950,1504431,6030.0,12901256,193725,4947446.0,188173495,2126288
10,2020-11-28,30109.0,18249.0,3404,91762.0,554048.0,151760885,1276935,6148.0,13055778,154522,5024447.0,189883061,1709566
9,2020-11-29,30274.0,18437.0,2429,93357.0,556477.0,152644033,883148,6245.0,13191020,135242,5065148.0,191173031,1289970
8,2020-11-30,30469.0,18801.0,3394,96149.0,559871.0,153863841,1219808,6520.0,13338607,147587,5146643.0,192776284,1603253
7,2020-12-01,30749.0,19295.0,5222,98777.0,565093.0,155805555,1941714,6649.0,13515360,176753,5226581.0,195117280,2340996
6,2020-12-02,31038.0,19680.0,5028,100322.0,570121.0,156787587,982032,6855.0,13711156,195796,5322128.0,196576482,1459202
